{"stats":{"minecraft:dropped":{"minecraft:iron_trapdoor":1,"minecraft:oak_stairs":1,"minecraft:polished_andesite_stairs":1},"minecraft:custom":{"minecraft:leave_game":5,"minecraft:time_since_death":45676,"minecraft:time_since_rest":45676,"minecraft:sprint_one_cm":89282,"minecraft:walk_one_cm":78031,"minecraft:drop":3,"minecraft:fly_one_cm":87273,"minecraft:crouch_one_cm":943,"minecraft:play_time":45676,"minecraft:sneak_time":928,"minecraft:jump":86,"minecraft:walk_on_water_one_cm":572,"minecraft:total_world_time":45887},"minecraft:picked_up":{"minecraft:black_carpet":3,"minecraft:dark_oak_button":1,"minecraft:iron_trapdoor":1,"minecraft:iron_door":1,"minecraft:oak_stairs":1,"minecraft:dark_oak_pressure_plate":2,"minecraft:lantern":14,"minecraft:white_banner":3,"minecraft:dark_oak_door":1,"minecraft:polished_andesite_stairs":1,"minecraft:stone_button":9,"minecraft:white_bed":2,"minecraft:spruce_door":5,"minecraft:mangrove_door":1},"minecraft:used":{"minecraft:short_grass":1,"minecraft:dark_oak_stairs":22,"minecraft:brick_wall":2,"minecraft:spruce_door":4,"minecraft:smooth_quartz_slab":2,"minecraft:polished_blackstone":21,"minecraft:dark_oak_sign":2,"minecraft:mangrove_planks":1,"minecraft:ladder":3,"minecraft:black_carpet":3,"minecraft:stone":1,"minecraft:quartz_stairs":1,"minecraft:deepslate_bricks":2,"minecraft:smooth_quartz_stairs":58,"minecraft:debug_stick":4,"minecraft:dark_oak_trapdoor":86,"minecraft:stripped_dark_oak_log":89,"minecraft:white_carpet":5,"minecraft:hopper":4,"minecraft:blast_furnace":2,"minecraft:deepslate_tile_slab":13,"minecraft:campfire":1,"minecraft:dark_oak_fence_gate":3,"minecraft:painting":16,"minecraft:dark_oak_door":10,"minecraft:stripped_spruce_log":47,"minecraft:polished_diorite":21,"minecraft:polished_tuff":19,"minecraft:oak_log":27,"minecraft:glass":1,"minecraft:dark_oak_planks":15,"minecraft:dark_prismarine":32,"minecraft:bricks":34,"minecraft:bookshelf":12,"minecraft:quartz_pillar":16,"minecraft:mangrove_door":3,"minecraft:mangrove_stairs":11,"minecraft:dark_oak_log":47,"minecraft:lantern":15,"minecraft:birch_slab":61,"minecraft:iron_block":7,"minecraft:grass_block":14,"minecraft:oak_stairs":3,"minecraft:brick_stairs":8,"minecraft:polished_andesite_stairs":3,"minecraft:dark_oak_slab":10,"minecraft:light_blue_bed":6,"minecraft:spruce_trapdoor":7,"minecraft:cherry_sign":5,"minecraft:smooth_quartz":3,"minecraft:iron_door":3,"minecraft:dark_oak_button":9,"minecraft:diorite_wall":2,"minecraft:gravel":10,"minecraft:chiseled_tuff_bricks":13,"minecraft:tripwire_hook":4,"minecraft:red_carpet":5,"minecraft:cobblestone":1,"minecraft:cherry_stairs":12,"minecraft:iron_trapdoor":2,"minecraft:mangrove_slab":173,"minecraft:white_banner":7,"minecraft:deepslate_tile_stairs":2,"minecraft:dark_oak_fence":3,"minecraft:white_stained_glass":9,"minecraft:cherry_fence":2,"minecraft:birch_stairs":14}},"DataVersion":3953}